k1,k2,k3,t1,t2,t3,loop,cost,accuracy,Singular
-1,0,-1,0,0,0,0,0.0097110204081632,32.6530612244898,0
-1,1,0,0,4,0,0,0.0506791836734693,34.69387755102041,0
-1,1,3,0,4,2,9,0.1578135510204082,36.12244897959184,0
-1,1,5,0,4,2,9,0.2519034285714285,37.755102040816325,0
-1,1,10,0,4,2,9,0.4846176734693878,39.59183673469388,0
-1,5,0,0,2,0,9,0.1240036326530612,35.714285714285715,0
0,-1,-1,0,0,0,0,0.0076469387755102,28.57142857142857,0
