k1,k2,k3,t1,t2,t3,loop,cost,accuracy,Singular
-1,-1,0,0,0,0,0,0.0716216326530612,34.69387755102041,0
-1,-1,3,0,0,2,9,0.3465212653061225,34.89795918367347,0
-1,-1,3,0,0,4,9,0.4731075102040816,35.51020408163265,0
-1,-1,5,0,0,2,9,0.5829929795918368,36.53061224489796,0
-1,-1,10,0,0,2,9,1.1638556326530611,37.3469387755102,0
-1,0,-1,0,0,0,0,0.0097110204081632,32.6530612244898,0
-1,5,10,0,4,2,9,0.4295495102040816,35.30612244897959,0
0,-1,-1,0,0,0,0,0.0076469387755102,28.57142857142857,0
