k1,k2,k3,t1,t2,t3,loop,cost,accuracy,Singular
-1,-1,0,0,0,0,0,1.21395390625,67.96875,0
0,-1,-1,0,0,0,0,0.170275625,63.28125,0
1,-1,0,4,0,0,0,0.8120278125000003,64.0625,0
1,1,0,4,4,0,0,0.98725328125,65.625,0
3,-1,0,4,0,0,9,1.5436716249999998,68.59375,0
3,0,-1,2,0,0,9,0.9686816015624996,64.921875,0
-1,-1,0,0,0,0,0,1.21395390625,67.96875,1
0,-1,-1,0,0,0,0,0.170275625,63.28125,1
3,-1,-1,4,0,0,9,1.0277254375,63.98437500000001,1
