k1,k2,k3,t1,t2,t3,loop,cost,accuracy,Singular
-1,0,-1,0,0,0,0,0.3151285714285714,36.734693877551024,0
0,-1,-1,0,0,0,0,0.1005061224489795,32.6530612244898,0
1,0,-1,2,0,0,0,0.2685281632653061,34.69387755102041,0
1,0,-1,4,0,0,0,0.3732685714285715,38.775510204081634,0
3,0,-1,2,0,0,9,0.6643427551020409,40.40816326530612,0
5,-1,5,4,0,4,9,5.048266244897959,42.24489795918367,0
5,0,-1,4,0,0,9,1.23411087755102,41.42857142857142,0
5,1,3,4,4,2,9,2.7005338163265318,41.83673469387755,0
5,1,5,4,4,4,9,4.234623734693877,42.04081632653061,0
